---,Name,Description,ImageToShow,CountToAchieve,TypeOfAchievement
Spiderfood,"NSLOCTEXT(""[8C3EA5B8491F92FEF063A297AFF49548]"", ""71769E9B4E4F4B9869762F86F9AE326D"", ""Spiderfood"")","NSLOCTEXT(""[8C3EA5B8491F92FEF063A297AFF49548]"", ""59BF52654C67EA0D2A7B778DF1922CE8"", ""You were eaten by a spider."")",Texture2D'/Game/UI/Textures/Icons/T_WolfSpiderSpawn.T_WolfSpiderSpawn',1,AT_DEATHBYSPIDER
UnluckySpiderMeal,"NSLOCTEXT(""AchievementDefinitionTable [8C3EA5B8491F92FEF063A297AFF49548]"", ""UnluckySpiderMeal_Name"", ""Unlucky Spider Meal!"")","NSLOCTEXT(""AchievementDefinitionTable [8C3EA5B8491F92FEF063A297AFF49548]"", ""UnluckySpiderMeal_Description"", ""You were eaten by a spider 5 times!"")",Texture2D'/Game/UI/Textures/Icons/T_WolfSpiderSpawn.T_WolfSpiderSpawn',5,AT_DEATHBYSPIDER
EasyMeal,"NSLOCTEXT(""AchievementDefinitionTable [8C3EA5B8491F92FEF063A297AFF49548]"", ""EasyMeal_Name"", ""Easy Spider Meal"")","NSLOCTEXT(""AchievementDefinitionTable [8C3EA5B8491F92FEF063A297AFF49548]"", ""EasyMeal_Description"", ""You were eaten by a spider 25 times!"")",Texture2D'/Game/UI/Textures/Icons/T_WolfSpiderSpawn.T_WolfSpiderSpawn',25,AT_DEATHBYSPIDER
PitifulFood,"NSLOCTEXT(""AchievementDefinitionTable [8C3EA5B8491F92FEF063A297AFF49548]"", ""PitifulFood_Name"", ""Pitiful Spider Food !"")","NSLOCTEXT(""AchievementDefinitionTable [8C3EA5B8491F92FEF063A297AFF49548]"", ""PitifulFood_Description"", ""You were eaten by a spider 75 times!"")",Texture2D'/Game/UI/Textures/Icons/T_WolfSpiderSpawn.T_WolfSpiderSpawn',75,AT_DEATHBYSPIDER
TragedyFood,"NSLOCTEXT(""AchievementDefinitionTable [8C3EA5B8491F92FEF063A297AFF49548]"", ""TragedyFood_Name"", ""You are a Tragedy"")","NSLOCTEXT(""AchievementDefinitionTable [8C3EA5B8491F92FEF063A297AFF49548]"", ""TragedyFood_Description"", ""You were eaten by a spider 150 times!"")",Texture2D'/Game/UI/Textures/Icons/T_WolfSpiderSpawn.T_WolfSpiderSpawn',150,AT_DEATHBYSPIDER
HopelessFood,"NSLOCTEXT(""AchievementDefinitionTable [8C3EA5B8491F92FEF063A297AFF49548]"", ""HopelessFood_Name"", ""Hopeless Spider Food"")","NSLOCTEXT(""AchievementDefinitionTable [8C3EA5B8491F92FEF063A297AFF49548]"", ""HopelessFood_Description"", ""You were eaten by a spider 500 times!"")",Texture2D'/Game/UI/Textures/Icons/T_WolfSpiderSpawn.T_WolfSpiderSpawn',500,AT_DEATHBYSPIDER
CannonFodder,"NSLOCTEXT(""AchievementDefinitionTable [8C3EA5B8491F92FEF063A297AFF49548]"", ""CannonFodder_Name"", ""Spider Cannon Fodder"")","NSLOCTEXT(""AchievementDefinitionTable [8C3EA5B8491F92FEF063A297AFF49548]"", ""CannonFodder_Description"", ""You were eaten by a spider 1500 times!"")",Texture2D'/Game/UI/Textures/Icons/T_WolfSpiderSpawn.T_WolfSpiderSpawn',1500,AT_DEATHBYSPIDER
YouBowl,"NSLOCTEXT(""AchievementDefinitionTable [8C3EA5B8491F92FEF063A297AFF49548]"", ""YouBowl_Name"", ""You Bowl!"")","NSLOCTEXT(""AchievementDefinitionTable [8C3EA5B8491F92FEF063A297AFF49548]"", ""YouBowl_Description"", ""You woke up the dungeon master."")",Texture2D'/Game/UI/Textures/HungerBar/T_Dragon.T_Dragon',1,AT_DEATHBYMONSTER
Fool,"NSLOCTEXT(""AchievementDefinitionTable [8C3EA5B8491F92FEF063A297AFF49548]"", ""Fool_Name"", ""You should have learned this!"")","NSLOCTEXT(""AchievementDefinitionTable [8C3EA5B8491F92FEF063A297AFF49548]"", ""Fool_Description"", ""You woke up the Dungeon Master 2 Times"")",Texture2D'/Game/UI/Textures/HungerBar/T_Dragon.T_Dragon',2,AT_DEATHBYMONSTER
NoWay,"NSLOCTEXT(""AchievementDefinitionTable [8C3EA5B8491F92FEF063A297AFF49548]"", ""NoWay_Name"", ""No Way !"")","NSLOCTEXT(""AchievementDefinitionTable [8C3EA5B8491F92FEF063A297AFF49548]"", ""NoWay_Description"", ""You woke up the Dungeon Master 10 Times"")",Texture2D'/Game/UI/Textures/HungerBar/T_Dragon.T_Dragon',10,AT_DEATHBYMONSTER
Enough,"NSLOCTEXT(""AchievementDefinitionTable [8C3EA5B8491F92FEF063A297AFF49548]"", ""Enough_Name"", ""Enough !"")","NSLOCTEXT(""AchievementDefinitionTable [8C3EA5B8491F92FEF063A297AFF49548]"", ""Enough_Description"", ""You woke up the Dungeon Master 25 Times"")",Texture2D'/Game/UI/Textures/HungerBar/T_Dragon.T_Dragon',25,AT_DEATHBYMONSTER
MonsterWaiter,"NSLOCTEXT(""AchievementDefinitionTable [8C3EA5B8491F92FEF063A297AFF49548]"", ""MonsterWaiter_Name"", ""Monster Waiter"")","NSLOCTEXT(""AchievementDefinitionTable [8C3EA5B8491F92FEF063A297AFF49548]"", ""A6F6046D45A5B928F3D732A6490C599E"", ""You have fed your first monster."")",Texture2D'/Game/UI/Textures/Icons/T_ICON_MEAT.T_ICON_MEAT',1,AT_MEAT
FastServer,"NSLOCTEXT(""AchievementDefinitionTable [8C3EA5B8491F92FEF063A297AFF49548]"", ""FastServer_Name"", ""Fast Server"")","NSLOCTEXT(""AchievementDefinitionTable [8C3EA5B8491F92FEF063A297AFF49548]"", ""FastServer_Description"", ""You have served 50 portions."")",Texture2D'/Game/UI/Textures/Icons/T_ICON_MEAT.T_ICON_MEAT',50,AT_MEAT
ExtraFastServer,"NSLOCTEXT(""AchievementDefinitionTable [8C3EA5B8491F92FEF063A297AFF49548]"", ""ExtraFastServer_Name"", ""Extra Fast Server"")","NSLOCTEXT(""[8C3EA5B8491F92FEF063A297AFF49548]"", ""588648A844AAA991C98B429B0BCDB30E"", ""You have served 100 portions."")",Texture2D'/Game/UI/Textures/Icons/T_ICON_MEAT.T_ICON_MEAT',100,AT_MEAT
SuperServer,"NSLOCTEXT(""AchievementDefinitionTable [8C3EA5B8491F92FEF063A297AFF49548]"", ""SuperServer_Name"", ""Super Server"")","NSLOCTEXT(""AchievementDefinitionTable [8C3EA5B8491F92FEF063A297AFF49548]"", ""SuperServer_Description"", ""You have served 250 portions."")",Texture2D'/Game/UI/Textures/Icons/T_ICON_MEAT.T_ICON_MEAT',250,AT_MEAT
MonsterServer,"NSLOCTEXT(""AchievementDefinitionTable [8C3EA5B8491F92FEF063A297AFF49548]"", ""MonsterServer_Name"", ""Monster Server"")","NSLOCTEXT(""[8C3EA5B8491F92FEF063A297AFF49548]"", ""485C3D2643623D974C6B6FBA5CFA8CBA"", ""You have served 750 portions."")",Texture2D'/Game/UI/Textures/Icons/T_ICON_MEAT.T_ICON_MEAT',750,AT_MEAT
SuperMonsterServer,"NSLOCTEXT(""AchievementDefinitionTable [8C3EA5B8491F92FEF063A297AFF49548]"", ""SuperMonsterServer_Name"", ""Super Monster Server"")","NSLOCTEXT(""AchievementDefinitionTable [8C3EA5B8491F92FEF063A297AFF49548]"", ""SuperMonsterServer_Description"", ""You have served 1500 portions."")",Texture2D'/Game/UI/Textures/Icons/T_ICON_MEAT.T_ICON_MEAT',1500,AT_MEAT
MegaServer,"NSLOCTEXT(""AchievementDefinitionTable [8C3EA5B8491F92FEF063A297AFF49548]"", ""MegaServer_Name"", ""Mega Server"")","NSLOCTEXT(""[8C3EA5B8491F92FEF063A297AFF49548]"", ""BB09E3494D34CC00CE23ECAB6564847A"", ""You have served 3000 portions."")",Texture2D'/Game/UI/Textures/Icons/T_ICON_MEAT.T_ICON_MEAT',3000,AT_MEAT
UnbelievableServer,"NSLOCTEXT(""AchievementDefinitionTable [8C3EA5B8491F92FEF063A297AFF49548]"", ""UnbelievableServer_Name"", ""Unbelievable Server"")","NSLOCTEXT(""AchievementDefinitionTable [8C3EA5B8491F92FEF063A297AFF49548]"", ""UnbelievableServer_Description"", ""You have served 10000 portions."")",Texture2D'/Game/UI/Textures/Icons/T_ICON_MEAT.T_ICON_MEAT',10000,AT_MEAT
UltraServer,"NSLOCTEXT(""AchievementDefinitionTable [8C3EA5B8491F92FEF063A297AFF49548]"", ""UltraServer_Name"", ""Ultra Server"")","NSLOCTEXT(""AchievementDefinitionTable [8C3EA5B8491F92FEF063A297AFF49548]"", ""UltraServer_Description"", ""You have served 25000 portions."")",Texture2D'/Game/UI/Textures/Icons/T_ICON_MEAT.T_ICON_MEAT',25000,AT_MEAT
GodOfMeat,"NSLOCTEXT(""AchievementDefinitionTable [8C3EA5B8491F92FEF063A297AFF49548]"", ""GodOfMeat_Name"", ""God of Meat"")","NSLOCTEXT(""AchievementDefinitionTable [8C3EA5B8491F92FEF063A297AFF49548]"", ""GodOfMeat_Description"", ""You have served 75000 portions."")",Texture2D'/Game/UI/Textures/Icons/T_ICON_MEAT.T_ICON_MEAT',75000,AT_MEAT
LongLifeOfMeat,"NSLOCTEXT(""AchievementDefinitionTable [8C3EA5B8491F92FEF063A297AFF49548]"", ""LongLifeOfMeat_Name"", ""Life of Meat"")","NSLOCTEXT(""AchievementDefinitionTable [8C3EA5B8491F92FEF063A297AFF49548]"", ""LongLifeOfMeat_Description"", ""You have served 150000 portions."")",Texture2D'/Game/UI/Textures/Icons/T_ICON_MEAT.T_ICON_MEAT',150000,AT_MEAT
EonsOfMeat,"NSLOCTEXT(""AchievementDefinitionTable [8C3EA5B8491F92FEF063A297AFF49548]"", ""EonsOfMeat_Name"", ""Eons of Meat"")","NSLOCTEXT(""AchievementDefinitionTable [8C3EA5B8491F92FEF063A297AFF49548]"", ""EonsOfMeat_Description"", ""You have served 500000 portions."")",Texture2D'/Game/UI/Textures/Icons/T_ICON_MEAT.T_ICON_MEAT',500000,AT_MEAT
ATrap,"NSLOCTEXT(""AchievementDefinitionTable [8C3EA5B8491F92FEF063A297AFF49548]"", ""ATrap_Name"", ""This is a trap!"")","NSLOCTEXT(""AchievementDefinitionTable [8C3EA5B8491F92FEF063A297AFF49548]"", ""ATrap_Description"", ""You reactivated your first trap."")",Texture2D'/Game/UI/Textures/Icons/T_ICON_TRAP.T_ICON_TRAP',1,AT_TRAP
TrapTrapTrap,"NSLOCTEXT(""AchievementDefinitionTable [8C3EA5B8491F92FEF063A297AFF49548]"", ""TrapTrapTrap_Name"", ""Traps. Traps Traps !"")","NSLOCTEXT(""AchievementDefinitionTable [8C3EA5B8491F92FEF063A297AFF49548]"", ""TrapTrapTrap_Description"", ""You reactivated 10 traps."")",Texture2D'/Game/UI/Textures/Icons/T_ICON_TRAP.T_ICON_TRAP',10,AT_TRAP
TrapMaster,"NSLOCTEXT(""AchievementDefinitionTable [8C3EA5B8491F92FEF063A297AFF49548]"", ""TrapMaster_Name"", ""Trap Master"")","NSLOCTEXT(""AchievementDefinitionTable [8C3EA5B8491F92FEF063A297AFF49548]"", ""TrapMaster_Description"", ""You reactivated 25 traps."")",Texture2D'/Game/UI/Textures/Icons/T_ICON_TRAP.T_ICON_TRAP',25,AT_TRAP
SuperTrapper,"NSLOCTEXT(""AchievementDefinitionTable [8C3EA5B8491F92FEF063A297AFF49548]"", ""SuperTrapper_Name"", ""Super Trapper"")","NSLOCTEXT(""AchievementDefinitionTable [8C3EA5B8491F92FEF063A297AFF49548]"", ""SuperTrapper_Description"", ""You reactivated 50 traps."")",Texture2D'/Game/UI/Textures/Icons/T_ICON_TRAP.T_ICON_TRAP',50,AT_TRAP
MonsterTrapper,"NSLOCTEXT(""AchievementDefinitionTable [8C3EA5B8491F92FEF063A297AFF49548]"", ""MonsterTrapper_Name"", ""Monster Trapper"")","NSLOCTEXT(""AchievementDefinitionTable [8C3EA5B8491F92FEF063A297AFF49548]"", ""MonsterTrapper_Description"", ""You reactivated 100 traps."")",Texture2D'/Game/UI/Textures/Icons/T_ICON_TRAP.T_ICON_TRAP',100,AT_TRAP
MegaTrapper,"NSLOCTEXT(""AchievementDefinitionTable [8C3EA5B8491F92FEF063A297AFF49548]"", ""MegaTrapper_Name"", ""Mega Trapper"")","NSLOCTEXT(""AchievementDefinitionTable [8C3EA5B8491F92FEF063A297AFF49548]"", ""MegaTrapper_Description"", ""You reactivated 200 traps."")",Texture2D'/Game/UI/Textures/Icons/T_ICON_TRAP.T_ICON_TRAP',200,AT_TRAP
UnbelievableTrapper,"NSLOCTEXT(""AchievementDefinitionTable [8C3EA5B8491F92FEF063A297AFF49548]"", ""UnbelievableTrapper_Name"", ""Unbelievable Trapper"")","NSLOCTEXT(""AchievementDefinitionTable [8C3EA5B8491F92FEF063A297AFF49548]"", ""UnbelievableTrapper_Description"", ""You reactivated 500 traps."")",Texture2D'/Game/UI/Textures/Icons/T_ICON_TRAP.T_ICON_TRAP',500,AT_TRAP
UltraTrapper,"NSLOCTEXT(""AchievementDefinitionTable [8C3EA5B8491F92FEF063A297AFF49548]"", ""UltraTrapper_Name"", ""Ultra Trapper"")","NSLOCTEXT(""AchievementDefinitionTable [8C3EA5B8491F92FEF063A297AFF49548]"", ""UltraTrapper_Description"", ""You reactivated 1000 traps."")",Texture2D'/Game/UI/Textures/Icons/T_ICON_TRAP.T_ICON_TRAP',1000,AT_TRAP
GodOfTraps,"NSLOCTEXT(""AchievementDefinitionTable [8C3EA5B8491F92FEF063A297AFF49548]"", ""GodOfTraps_Name"", ""God of Traps"")","NSLOCTEXT(""AchievementDefinitionTable [8C3EA5B8491F92FEF063A297AFF49548]"", ""GodOfTraps_Description"", ""You reactivated 2500 traps."")",Texture2D'/Game/UI/Textures/Icons/T_ICON_TRAP.T_ICON_TRAP',2500,AT_TRAP
LongLifeTrapper,"NSLOCTEXT(""AchievementDefinitionTable [8C3EA5B8491F92FEF063A297AFF49548]"", ""LongLifeTrapper_Name"", ""Life of Traps"")","NSLOCTEXT(""AchievementDefinitionTable [8C3EA5B8491F92FEF063A297AFF49548]"", ""LongLifeTrapper_Description"", ""You reactivated 10000 traps."")",Texture2D'/Game/UI/Textures/Icons/T_ICON_TRAP.T_ICON_TRAP',10000,AT_TRAP
EonsTrapper,"NSLOCTEXT(""AchievementDefinitionTable [8C3EA5B8491F92FEF063A297AFF49548]"", ""EonsTrapper_Name"", ""Eons of Traps"")","NSLOCTEXT(""AchievementDefinitionTable [8C3EA5B8491F92FEF063A297AFF49548]"", ""EonsTrapper_Description"", ""You reactivated 50000 traps."")",Texture2D'/Game/UI/Textures/Icons/T_ICON_TRAP.T_ICON_TRAP',50000,AT_TRAP
Chestcare,"NSLOCTEXT(""AchievementDefinitionTable [8C3EA5B8491F92FEF063A297AFF49548]"", ""Chestcare_Name"", ""Chestcare"")","NSLOCTEXT(""AchievementDefinitionTable [8C3EA5B8491F92FEF063A297AFF49548]"", ""Chestcare_Description"", ""You filled your first chest with gold."")",Texture2D'/Game/UI/Textures/Icons/T_ICON_LOOT.T_ICON_LOOT',1,AT_GOLD
ChestLover,"NSLOCTEXT(""AchievementDefinitionTable [8C3EA5B8491F92FEF063A297AFF49548]"", ""ChestLover_Name"", ""ChestLover"")","NSLOCTEXT(""AchievementDefinitionTable [8C3EA5B8491F92FEF063A297AFF49548]"", ""ChestLover_Description"", ""You refilled 25 chests with gold !"")",Texture2D'/Game/UI/Textures/Icons/T_ICON_LOOT.T_ICON_LOOT',25,AT_GOLD
Chesttrainee,"NSLOCTEXT(""AchievementDefinitionTable [8C3EA5B8491F92FEF063A297AFF49548]"", ""Chesttrainee_Name"", ""Chesttrainee"")","NSLOCTEXT(""AchievementDefinitionTable [8C3EA5B8491F92FEF063A297AFF49548]"", ""Chesttrainee_Description"", ""You refilled 50 chests with gold!"")",Texture2D'/Game/UI/Textures/Icons/T_ICON_LOOT.T_ICON_LOOT',50,AT_GOLD
ChestMaster,"NSLOCTEXT(""AchievementDefinitionTable [8C3EA5B8491F92FEF063A297AFF49548]"", ""ChestMaster_Name"", ""Chest Master"")","NSLOCTEXT(""AchievementDefinitionTable [8C3EA5B8491F92FEF063A297AFF49548]"", ""ChestMaster_Description"", ""You refilled 100 chests with gold!"")",Texture2D'/Game/UI/Textures/Icons/T_ICON_LOOT.T_ICON_LOOT',100,AT_GOLD
SuperChestMaster,"NSLOCTEXT(""AchievementDefinitionTable [8C3EA5B8491F92FEF063A297AFF49548]"", ""SuperChestMaster_Name"", ""Super Chest Master"")","NSLOCTEXT(""AchievementDefinitionTable [8C3EA5B8491F92FEF063A297AFF49548]"", ""SuperChestMaster_Description"", ""You refilled 250 chests with gold!"")",Texture2D'/Game/UI/Textures/Icons/T_ICON_LOOT.T_ICON_LOOT',250,AT_GOLD
MonsterChestMaster,"NSLOCTEXT(""AchievementDefinitionTable [8C3EA5B8491F92FEF063A297AFF49548]"", ""MonsterChestMaster_Name"", ""Monster Chest Master"")","NSLOCTEXT(""AchievementDefinitionTable [8C3EA5B8491F92FEF063A297AFF49548]"", ""MonsterChestMaster_Description"", ""You refilled 500 chests with gold!"")",Texture2D'/Game/UI/Textures/Icons/T_ICON_LOOT.T_ICON_LOOT',500,AT_GOLD
MegaChestMaster,"NSLOCTEXT(""AchievementDefinitionTable [8C3EA5B8491F92FEF063A297AFF49548]"", ""MegaChestMaster_Name"", ""Mega Chest Master"")","NSLOCTEXT(""AchievementDefinitionTable [8C3EA5B8491F92FEF063A297AFF49548]"", ""MegaChestMaster_Description"", ""You refilled 1000 chests with gold!"")",Texture2D'/Game/UI/Textures/Icons/T_ICON_LOOT.T_ICON_LOOT',1000,AT_GOLD
UnbelievableChestMaster,"NSLOCTEXT(""AchievementDefinitionTable [8C3EA5B8491F92FEF063A297AFF49548]"", ""UnbelievableChestMaster_Name"", ""Unbelievable Chest Master"")","NSLOCTEXT(""AchievementDefinitionTable [8C3EA5B8491F92FEF063A297AFF49548]"", ""UnbelievableChestMaster_Description"", ""You refilled 2500 chests with gold!"")",Texture2D'/Game/UI/Textures/Icons/T_ICON_LOOT.T_ICON_LOOT',2500,AT_GOLD
UltraChestMaster,"NSLOCTEXT(""AchievementDefinitionTable [8C3EA5B8491F92FEF063A297AFF49548]"", ""UltraChestMaster_Name"", ""Ultra Chest Master"")","NSLOCTEXT(""AchievementDefinitionTable [8C3EA5B8491F92FEF063A297AFF49548]"", ""UltraChestMaster_Description"", ""You refilled 7500 chests with gold!"")",Texture2D'/Game/UI/Textures/Icons/T_ICON_LOOT.T_ICON_LOOT',7500,AT_GOLD
GodOfChests,"NSLOCTEXT(""AchievementDefinitionTable [8C3EA5B8491F92FEF063A297AFF49548]"", ""GodOfChests_Name"", ""God of Chests"")","NSLOCTEXT(""AchievementDefinitionTable [8C3EA5B8491F92FEF063A297AFF49548]"", ""GodOfChests_Description"", ""You refilled 25000 chests with gold!"")",Texture2D'/Game/UI/Textures/Icons/T_ICON_LOOT.T_ICON_LOOT',25000,AT_GOLD
LongLifeChestMaster,"NSLOCTEXT(""AchievementDefinitionTable [8C3EA5B8491F92FEF063A297AFF49548]"", ""LongLifeChestMaster_Name"", ""Life of Chests"")","NSLOCTEXT(""AchievementDefinitionTable [8C3EA5B8491F92FEF063A297AFF49548]"", ""LongLifeChestMaster_Description"", ""You refilled 75000 chests with gold!"")",Texture2D'/Game/UI/Textures/Icons/T_ICON_LOOT.T_ICON_LOOT',75000,AT_GOLD
EonsChestMaster,"NSLOCTEXT(""AchievementDefinitionTable [8C3EA5B8491F92FEF063A297AFF49548]"", ""EonsChestMaster_Name"", ""Eons of Chests"")","NSLOCTEXT(""AchievementDefinitionTable [8C3EA5B8491F92FEF063A297AFF49548]"", ""EonsChestMaster_Description"", ""You refilled 150000 chests with gold!"")",Texture2D'/Game/UI/Textures/Icons/T_ICON_LOOT.T_ICON_LOOT',150000,AT_GOLD
GarbageCollector,"NSLOCTEXT(""AchievementDefinitionTable [8C3EA5B8491F92FEF063A297AFF49548]"", ""GarbageCollector_Name"", ""Garbage Collector"")","NSLOCTEXT(""AchievementDefinitionTable [8C3EA5B8491F92FEF063A297AFF49548]"", ""GarbageCollector_Description"", ""You burnt your first trash"")",Texture2D'/Game/UI/Textures/Icons/T_ICON_TRASH_BARREL.T_ICON_TRASH_BARREL',1,AT_GARBAGE
GarbageLover,"NSLOCTEXT(""AchievementDefinitionTable [8C3EA5B8491F92FEF063A297AFF49548]"", ""GarbageLover_Name"", ""Garbage Lover"")","NSLOCTEXT(""AchievementDefinitionTable [8C3EA5B8491F92FEF063A297AFF49548]"", ""GarbageLover_Description"", ""You burnt 25 pieces of trash."")",Texture2D'/Game/UI/Textures/Icons/T_ICON_TRASH_BARREL.T_ICON_TRASH_BARREL',25,AT_GARBAGE
GarbageTrainee,"NSLOCTEXT(""AchievementDefinitionTable [8C3EA5B8491F92FEF063A297AFF49548]"", ""GarbageTrainee_Name"", ""Garbage Trainee"")","NSLOCTEXT(""AchievementDefinitionTable [8C3EA5B8491F92FEF063A297AFF49548]"", ""GarbageTrainee_Description"", ""You burnt 50 pieces of trash."")",Texture2D'/Game/UI/Textures/Icons/T_ICON_TRASH_BARREL.T_ICON_TRASH_BARREL',50,AT_GARBAGE
GarbageMaster,"NSLOCTEXT(""AchievementDefinitionTable [8C3EA5B8491F92FEF063A297AFF49548]"", ""GarbageMaster_Name"", ""Garbage Master"")","NSLOCTEXT(""AchievementDefinitionTable [8C3EA5B8491F92FEF063A297AFF49548]"", ""GarbageMaster_Description"", ""You burnt 100 pieces of trash."")",Texture2D'/Game/UI/Textures/Icons/T_ICON_TRASH_BARREL.T_ICON_TRASH_BARREL',100,AT_GARBAGE
SuperGarbageMaster,"NSLOCTEXT(""AchievementDefinitionTable [8C3EA5B8491F92FEF063A297AFF49548]"", ""SuperGarbageMaster_Name"", ""Super Garbage Master"")","NSLOCTEXT(""AchievementDefinitionTable [8C3EA5B8491F92FEF063A297AFF49548]"", ""SuperGarbageMaster_Description"", ""You burnt 250 pieces of trash."")",Texture2D'/Game/UI/Textures/Icons/T_ICON_TRASH_BARREL.T_ICON_TRASH_BARREL',250,AT_GARBAGE
MonsterGarbageMaster,"NSLOCTEXT(""AchievementDefinitionTable [8C3EA5B8491F92FEF063A297AFF49548]"", ""MonsterGarbageMaster_Name"", ""Monster Garbage Master"")","NSLOCTEXT(""AchievementDefinitionTable [8C3EA5B8491F92FEF063A297AFF49548]"", ""MonsterGarbageMaster_Description"", ""You burnt 750 pieces of trash."")",Texture2D'/Game/UI/Textures/Icons/T_ICON_TRASH_BARREL.T_ICON_TRASH_BARREL',750,AT_GARBAGE
MegaGarbageMaster,"NSLOCTEXT(""AchievementDefinitionTable [8C3EA5B8491F92FEF063A297AFF49548]"", ""MegaGarbageMaster_Name"", ""Mega Garbage Master"")","NSLOCTEXT(""AchievementDefinitionTable [8C3EA5B8491F92FEF063A297AFF49548]"", ""MegaGarbageMaster_Description"", ""You burnt 1500 pieces of trash."")",Texture2D'/Game/UI/Textures/Icons/T_ICON_TRASH_BARREL.T_ICON_TRASH_BARREL',1500,AT_GARBAGE
UnbelievableGarbageMaster,"NSLOCTEXT(""AchievementDefinitionTable [8C3EA5B8491F92FEF063A297AFF49548]"", ""UnbelievableGarbageMaster_Name"", ""Unbelievable Garbage Master"")","NSLOCTEXT(""AchievementDefinitionTable [8C3EA5B8491F92FEF063A297AFF49548]"", ""UnbelievableGarbageMaster_Description"", ""You burnt 3000 pieces of trash."")",Texture2D'/Game/UI/Textures/Icons/T_ICON_TRASH_BARREL.T_ICON_TRASH_BARREL',3000,AT_GARBAGE
UltraGarbageMaster,"NSLOCTEXT(""AchievementDefinitionTable [8C3EA5B8491F92FEF063A297AFF49548]"", ""UltraGarbageMaster_Name"", ""Ultra Garbage Master"")","NSLOCTEXT(""AchievementDefinitionTable [8C3EA5B8491F92FEF063A297AFF49548]"", ""UltraGarbageMaster_Description"", ""You burnt 10000 pieces of trash."")",Texture2D'/Game/UI/Textures/Icons/T_ICON_TRASH_BARREL.T_ICON_TRASH_BARREL',10000,AT_GARBAGE
GodOfGarbage,"NSLOCTEXT(""AchievementDefinitionTable [8C3EA5B8491F92FEF063A297AFF49548]"", ""GodOfGarbage_Name"", ""God of Garbage"")","NSLOCTEXT(""AchievementDefinitionTable [8C3EA5B8491F92FEF063A297AFF49548]"", ""GodOfGarbage_Description"", ""You burnt 25000 pieces of trash."")",Texture2D'/Game/UI/Textures/Icons/T_ICON_TRASH_BARREL.T_ICON_TRASH_BARREL',25000,AT_GARBAGE
LongLifeGarbageMaster,"NSLOCTEXT(""AchievementDefinitionTable [8C3EA5B8491F92FEF063A297AFF49548]"", ""LongLifeGarbageMaster_Name"", ""Life of Garbage"")","NSLOCTEXT(""AchievementDefinitionTable [8C3EA5B8491F92FEF063A297AFF49548]"", ""LongLifeGarbageMaster_Description"", ""You burnt 75000 pieces of trash."")",Texture2D'/Game/UI/Textures/Icons/T_ICON_TRASH_BARREL.T_ICON_TRASH_BARREL',75000,AT_GARBAGE
EonsGarbageMaster,"NSLOCTEXT(""AchievementDefinitionTable [8C3EA5B8491F92FEF063A297AFF49548]"", ""EonsGarbageMaster_Name"", ""Eons of Garbage"")","NSLOCTEXT(""AchievementDefinitionTable [8C3EA5B8491F92FEF063A297AFF49548]"", ""EonsGarbageMaster_Description"", ""You burnt 250000 pieces of trash."")",Texture2D'/Game/UI/Textures/Icons/T_ICON_TRASH_BARREL.T_ICON_TRASH_BARREL',250000,AT_GARBAGE
TraineeOfCaretaker,"NSLOCTEXT(""[8C3EA5B8491F92FEF063A297AFF49548]"", ""51718256489ACAC8A5162BA5003719AB"", ""Trainee of Caretaker"")","NSLOCTEXT(""[8C3EA5B8491F92FEF063A297AFF49548]"", ""91C859CA443B03F240F2A3929C406D77"", ""You made Progress in the Game !"")",None,1,AT_PROGRESS
OriginalCaretaker,"NSLOCTEXT(""AchievementDefinitionTable [8C3EA5B8491F92FEF063A297AFF49548]"", ""FacilityManager_Name"", ""The Original Caretaker"")","NSLOCTEXT(""AchievementDefinitionTable [8C3EA5B8491F92FEF063A297AFF49548]"", ""FacilityManager_Description"", ""You understand the original Game !"")",None,9,AT_PROGRESS
HeroOfCaretaker,"NSLOCTEXT(""AchievementDefinitionTable [8C3EA5B8491F92FEF063A297AFF49548]"", ""HeroOfCaretaker_Name"", ""Hero of Caretaker"")","NSLOCTEXT(""AchievementDefinitionTable [8C3EA5B8491F92FEF063A297AFF49548]"", ""HeroOfCaretaker_Description"", ""You managed to get 100 Levelpoints!"")",None,100,AT_PROGRESS
MasterOfCaretaker,"NSLOCTEXT(""AchievementDefinitionTable [8C3EA5B8491F92FEF063A297AFF49548]"", ""MasterOfCaretaker_Name"", ""Master of Caretaker"")","NSLOCTEXT(""AchievementDefinitionTable [8C3EA5B8491F92FEF063A297AFF49548]"", ""MasterOfCaretaker_Description"", ""You managed to get 250 Levelpoints!"")",None,250,AT_PROGRESS
PopeOfCaretaker,"NSLOCTEXT(""AchievementDefinitionTable [8C3EA5B8491F92FEF063A297AFF49548]"", ""PopeOfCaretaker_Name"", ""Pope of Caretaker"")","NSLOCTEXT(""AchievementDefinitionTable [8C3EA5B8491F92FEF063A297AFF49548]"", ""PopeOfCaretaker_Description"", ""You managed to get 405 Levelpoints!"")",None,405,AT_PROGRESS
GodOfCaretaker,"NSLOCTEXT(""AchievementDefinitionTable [8C3EA5B8491F92FEF063A297AFF49548]"", ""GodOfCaretaker_Name"", ""God of Caretaker"")","NSLOCTEXT(""AchievementDefinitionTable [8C3EA5B8491F92FEF063A297AFF49548]"", ""GodOfCaretaker_Description"", ""You managed to get all Levelpoints for Level 1-3!"")",None,1215,AT_PROGRESS
Trapped,"NSLOCTEXT(""AchievementDefinitionTable [8C3EA5B8491F92FEF063A297AFF49548]"", ""Trapped_Name"", ""Trapped"")","NSLOCTEXT(""AchievementDefinitionTable [8C3EA5B8491F92FEF063A297AFF49548]"", ""Trapped_Description"", ""You died, running into your Trap first Time."")",Texture2D'/Game/UI/Textures/Icons/T_ICON_TRAP3.T_ICON_TRAP3',1,AT_DEATHBYTRAP
UnluckyTrapped,"NSLOCTEXT(""AchievementDefinitionTable [8C3EA5B8491F92FEF063A297AFF49548]"", ""UnluckyTrapped_Name"", ""You seem unlucky!"")","NSLOCTEXT(""AchievementDefinitionTable [8C3EA5B8491F92FEF063A297AFF49548]"", ""UnluckyTrapped_Description"", ""You died, running into your Trap five times."")",Texture2D'/Game/UI/Textures/Icons/T_ICON_TRAP3.T_ICON_TRAP3',5,AT_DEATHBYTRAP
PitifulTrapped,"NSLOCTEXT(""AchievementDefinitionTable [8C3EA5B8491F92FEF063A297AFF49548]"", ""PitifulTrapped_Name"", ""You really look pitiful !"")","NSLOCTEXT(""AchievementDefinitionTable [8C3EA5B8491F92FEF063A297AFF49548]"", ""PitifulTrapped_Description"", ""You died, running into your Trap 15 times."")",Texture2D'/Game/UI/Textures/Icons/T_ICON_TRAP3.T_ICON_TRAP3',15,AT_DEATHBYTRAP
TragicTrapped,"NSLOCTEXT(""AchievementDefinitionTable [8C3EA5B8491F92FEF063A297AFF49548]"", ""TragicTrapped_Name"", ""You are a Tragedy"")","NSLOCTEXT(""AchievementDefinitionTable [8C3EA5B8491F92FEF063A297AFF49548]"", ""TragicTrapped_Description"", ""You died, running into your Trap 50 times."")",Texture2D'/Game/UI/Textures/Icons/T_ICON_TRAP3.T_ICON_TRAP3',50,AT_DEATHBYTRAP
HopelessTrapped,"NSLOCTEXT(""AchievementDefinitionTable [8C3EA5B8491F92FEF063A297AFF49548]"", ""HopelessTrapped_Name"", ""You are hopeless !"")","NSLOCTEXT(""AchievementDefinitionTable [8C3EA5B8491F92FEF063A297AFF49548]"", ""HopelessTrapped_Description"", ""You died, running into your Trap 150 times."")",Texture2D'/Game/UI/Textures/Icons/T_ICON_TRAP3.T_ICON_TRAP3',150,AT_DEATHBYTRAP
IronicTrapped,"NSLOCTEXT(""AchievementDefinitionTable [8C3EA5B8491F92FEF063A297AFF49548]"", ""IronicTrapped_Name"", ""Isn\'t this ironic ?"")","NSLOCTEXT(""AchievementDefinitionTable [8C3EA5B8491F92FEF063A297AFF49548]"", ""IronicTrapped_Description"", ""You died, running into your Trap 500 times."")",Texture2D'/Game/UI/Textures/Icons/T_ICON_TRAP3.T_ICON_TRAP3',500,AT_DEATHBYTRAP
TrappedForever,"NSLOCTEXT(""AchievementDefinitionTable [8C3EA5B8491F92FEF063A297AFF49548]"", ""TrappedForever_Name"", ""You look trapped foerever!"")","NSLOCTEXT(""AchievementDefinitionTable [8C3EA5B8491F92FEF063A297AFF49548]"", ""TrappedForever_Description"", ""You died, running into your Trap 1500 times."")",Texture2D'/Game/UI/Textures/Icons/T_ICON_TRAP3.T_ICON_TRAP3',1500,AT_DEATHBYTRAP
TooSlow,"NSLOCTEXT(""AchievementDefinitionTable [8C3EA5B8491F92FEF063A297AFF49548]"", ""TooSlow_Name"", ""Too slow !"")","NSLOCTEXT(""AchievementDefinitionTable [8C3EA5B8491F92FEF063A297AFF49548]"", ""TooSlow_Description"", ""You were doing too slow."")",None,1,AT_DEATHBYTIME
Worm,"NSLOCTEXT(""AchievementDefinitionTable [8C3EA5B8491F92FEF063A297AFF49548]"", ""Worm_Name"", ""You Worm"")","NSLOCTEXT(""AchievementDefinitionTable [8C3EA5B8491F92FEF063A297AFF49548]"", ""Worm_Description"", ""You were doing too slow 10 times."")",None,10,AT_DEATHBYTIME
Slug,"NSLOCTEXT(""AchievementDefinitionTable [8C3EA5B8491F92FEF063A297AFF49548]"", ""Slug_Name"", ""You Slug"")","NSLOCTEXT(""AchievementDefinitionTable [8C3EA5B8491F92FEF063A297AFF49548]"", ""Slug_Description"", ""You were doing too slow 50 times."")",None,50,AT_DEATHBYTIME
Sloth,"NSLOCTEXT(""AchievementDefinitionTable [8C3EA5B8491F92FEF063A297AFF49548]"", ""Sloth_Name"", ""Sloth!"")","NSLOCTEXT(""AchievementDefinitionTable [8C3EA5B8491F92FEF063A297AFF49548]"", ""Sloth_Description"", ""You were doing too slow 250 times."")",None,250,AT_DEATHBYTIME
Turtle,"NSLOCTEXT(""AchievementDefinitionTable [8C3EA5B8491F92FEF063A297AFF49548]"", ""Turtle_Name"", ""Turtle!"")","NSLOCTEXT(""AchievementDefinitionTable [8C3EA5B8491F92FEF063A297AFF49548]"", ""Turtle_Description"", ""You were doing too slow 1000 times."")",None,1000,AT_DEATHBYTIME
InstantDeath,"NSLOCTEXT(""AchievementDefinitionTable [8C3EA5B8491F92FEF063A297AFF49548]"", ""InstantDeath_Name"", ""Instant Death!"")","NSLOCTEXT(""AchievementDefinitionTable [8C3EA5B8491F92FEF063A297AFF49548]"", ""InstantDeath_Description"", ""Instant Death Pickup kills you!"")",None,1,AT_DEATHBYPICKUP
RepetitiveDeath,"NSLOCTEXT(""AchievementDefinitionTable [8C3EA5B8491F92FEF063A297AFF49548]"", ""RepetitiveDeath_Name"", ""You are doing this more often, don\'t you?"")","NSLOCTEXT(""AchievementDefinitionTable [8C3EA5B8491F92FEF063A297AFF49548]"", ""RepetitiveDeath_Description"", ""Instant Death Pickup kills you 10 times!"")",None,10,AT_DEATHBYPICKUP
UnluckyDeath,"NSLOCTEXT(""AchievementDefinitionTable [8C3EA5B8491F92FEF063A297AFF49548]"", ""UnluckyDeath_Name"", ""You are unlucky with this !"")","NSLOCTEXT(""AchievementDefinitionTable [8C3EA5B8491F92FEF063A297AFF49548]"", ""UnluckyDeath_Description"", ""Instant Death Pickup kills you 50 times!"")",None,50,AT_DEATHBYPICKUP
PitifulDeath,"NSLOCTEXT(""AchievementDefinitionTable [8C3EA5B8491F92FEF063A297AFF49548]"", ""PitifulDeath_Name"", ""You are pitiful !"")","NSLOCTEXT(""AchievementDefinitionTable [8C3EA5B8491F92FEF063A297AFF49548]"", ""PitifulDeath_Description"", ""Instant Death Pickup kills you 250 times!"")",None,250,AT_DEATHBYPICKUP
TragicDeath,"NSLOCTEXT(""AchievementDefinitionTable [8C3EA5B8491F92FEF063A297AFF49548]"", ""TragicDeath_Name"", ""You are tragic !"")","NSLOCTEXT(""AchievementDefinitionTable [8C3EA5B8491F92FEF063A297AFF49548]"", ""TragicDeath_Description"", ""Instant Death Pickup kills you 750 times!"")",None,750,AT_DEATHBYPICKUP
HopelesDeath,"NSLOCTEXT(""AchievementDefinitionTable [8C3EA5B8491F92FEF063A297AFF49548]"", ""HopelesDeath_Name"", ""You are hopeless !"")","NSLOCTEXT(""AchievementDefinitionTable [8C3EA5B8491F92FEF063A297AFF49548]"", ""HopelesDeath_Description"", ""Instant Death Pickup kills you 2500 times!"")",None,2500,AT_DEATHBYPICKUP
IronicDeath,"NSLOCTEXT(""AchievementDefinitionTable [8C3EA5B8491F92FEF063A297AFF49548]"", ""IronicDeath_Name"", ""Isn\'t this ironic ?"")","NSLOCTEXT(""AchievementDefinitionTable [8C3EA5B8491F92FEF063A297AFF49548]"", ""IronicDeath_Description"", ""Instant Death Pickup kills you 10000 times!"")",None,10000,AT_DEATHBYPICKUP
TotallyDeath,"NSLOCTEXT(""AchievementDefinitionTable [8C3EA5B8491F92FEF063A297AFF49548]"", ""TotallyDeath_Name"", ""You know everything about the dead !"")","NSLOCTEXT(""AchievementDefinitionTable [8C3EA5B8491F92FEF063A297AFF49548]"", ""TotallyDeath_Description"", ""Instant Death Pickup kills you 100.000 times!"")",None,100000,AT_DEATHBYPICKUP
ShiftTheNight,"NSLOCTEXT(""[8C3EA5B8491F92FEF063A297AFF49548]"", ""9E14CCD74789E2763A6176AA9609AE2C"", ""Shift the Night"")","NSLOCTEXT(""[8C3EA5B8491F92FEF063A297AFF49548]"", ""6F4278E74A234AFF3667E1B07B4B56E3"", ""You unlocked an extra PlayMode and more Difficulties."")",None,0,AT_SECRETUNLOCKED
LetMeCompete,"NSLOCTEXT(""[8C3EA5B8491F92FEF063A297AFF49548]"", ""FBC51D944EA5CD0FE0223EA032A72914"", ""Let me compete"")","NSLOCTEXT(""[8C3EA5B8491F92FEF063A297AFF49548]"", ""6CBC06CA44430FC26DA7DAB7843D970E"", ""Scores and Highscores added."")",None,1,AT_SECRETUNLOCKED
GiveMeMore,"NSLOCTEXT(""[8C3EA5B8491F92FEF063A297AFF49548]"", ""931C9793483460E18D017EA8C9C5E66D"", ""Give me more"")","NSLOCTEXT(""[8C3EA5B8491F92FEF063A297AFF49548]"", ""D3DAE33A48B9CB87DB9F3DBD20B2FC2B"", ""Extra Levels added !"")",None,2,AT_SECRETUNLOCKED
LightningJack,"NSLOCTEXT(""[8C3EA5B8491F92FEF063A297AFF49548]"", ""C68359494B3AFFD893F2D49D046038C5"", ""Lightning Jack"")","NSLOCTEXT(""[8C3EA5B8491F92FEF063A297AFF49548]"", ""D245B9BF4C1067303D9130BEA973D68F"", ""Speed Pickups Unlocked !"")",None,3,AT_SECRETUNLOCKED
TheInvisibleCape,"NSLOCTEXT(""[8C3EA5B8491F92FEF063A297AFF49548]"", ""FA7CEDD843C709F6A22BFDAB3AF01BBE"", ""The Invisible Cape"")","NSLOCTEXT(""[8C3EA5B8491F92FEF063A297AFF49548]"", ""9097FEB14AF72DC7F68268BA9ABE9F81"", ""Invisibility Pickups Unlocked !"")",None,4,AT_SECRETUNLOCKED
OnLightFeet,"NSLOCTEXT(""[8C3EA5B8491F92FEF063A297AFF49548]"", ""116146814B960984FC84E2BC6FF37620"", ""On Light Feet"")","NSLOCTEXT(""[8C3EA5B8491F92FEF063A297AFF49548]"", ""5977C2EA4B2CC2B82A9CE286BF1A6C3D"", ""Noise Pickups Unlocked !"")",None,5,AT_SECRETUNLOCKED
GiveMeASecond,"NSLOCTEXT(""[8C3EA5B8491F92FEF063A297AFF49548]"", ""631DDC8C4BC8B4E26AF6D4B3494999B4"", ""Give Me A Second"")","NSLOCTEXT(""[8C3EA5B8491F92FEF063A297AFF49548]"", ""FD82700F46B60ED49AA7B99403B7AB7C"", ""Time Pickups Unlocked"")",None,6,AT_SECRETUNLOCKED
GiveMeAHand,"NSLOCTEXT(""[8C3EA5B8491F92FEF063A297AFF49548]"", ""05C128C54A2AA700E67097901AB62EF7"", ""Give Me A Hand"")","NSLOCTEXT(""[8C3EA5B8491F92FEF063A297AFF49548]"", ""13571C454BE6C3E3260ED798FB8C6F2A"", ""Inventory Pickups Unlocked !"")",None,7,AT_SECRETUNLOCKED
MasterOfTime,"NSLOCTEXT(""[8C3EA5B8491F92FEF063A297AFF49548]"", ""D8B714B74DCCE33E0B177881F69110B3"", ""Master Of Time"")","NSLOCTEXT(""[8C3EA5B8491F92FEF063A297AFF49548]"", ""9BA6AF904122A03F5B5A7680523D0171"", ""Time Pickups enlarged !"")",None,8,AT_SECRETUNLOCKED
EverythingOK,"NSLOCTEXT(""[8C3EA5B8491F92FEF063A297AFF49548]"", ""587A98024751593FBE711E9EB916C092"", ""Everything OK"")","NSLOCTEXT(""[8C3EA5B8491F92FEF063A297AFF49548]"", ""014752574D9EC26A6F8160ADA9231655"", ""You solved all your tasks ! Now just survive the night !"")",None,1,AT_WINCONDITIONMET
Counted,"NSLOCTEXT(""[8C3EA5B8491F92FEF063A297AFF49548]"", ""EC9E6DC544A16617039FBDA421101D17"", ""Win Condition OK"")","NSLOCTEXT(""[8C3EA5B8491F92FEF063A297AFF49548]"", ""3CAA958D4B200A6FC5A01887F0FDCEA9"", ""Whenever coming to the kitchen, your progress is checked."")",None,2,AT_WINCONDITIONMET
WaitUntilEnd,"NSLOCTEXT(""[8C3EA5B8491F92FEF063A297AFF49548]"", ""BF968F5046EAE583B31277B00641A635"", ""You really need to wait"")","NSLOCTEXT(""[8C3EA5B8491F92FEF063A297AFF49548]"", ""EAA9443B45FD5C2E325F47BA4DAA7793"", ""But keep your monsters fed !"")",None,5,AT_WINCONDITIONMET
Score,,,None,0,AT_HIGHSCORE
FacilityManagersLuck,"NSLOCTEXT(""[8C3EA5B8491F92FEF063A297AFF49548]"", ""941077794E551AFB3980C0BFBC473964"", ""Facility Managers Luck"")","NSLOCTEXT(""[8C3EA5B8491F92FEF063A297AFF49548]"", ""65699B28478EE9A40EE80F9372AE10B1"", ""You survived your first night!"")",None,1,AT_VICTORY
Victory,,,None,10,AT_VICTORY
Pickup,Pickup,You picked a good Pickup. Good Pickups help to solve your tasks.,None,1,AT_PICKUP
BonusPickup,BonusPickup,You picked a bonus Pickup ! It will help gaining Score !,None,1,AT_SUPERBONUSPICKUP
BadPickup,Bad Pickup,You picked a bad Pickup ! It will disturb you during your watch.,None,1,AT_BAD_PICKUP